,SF_series,m1_series,m4_1_series,m5_series,m5_4_series,m5_8_series,m6_series,o1_series,base_series
SF_series,False,False,False,False,False,False,False,False,False
m1_series,False,False,False,False,False,False,False,False,False
m4_1_series,False,False,False,False,False,False,False,False,False
m5_series,False,False,False,False,False,False,False,False,False
m5_4_series,False,False,False,False,False,False,False,False,False
m5_8_series,False,False,False,False,False,False,False,False,False
m6_series,False,False,False,False,False,False,False,False,False
o1_series,False,False,False,False,False,False,False,False,False
base_series,False,False,False,False,False,False,False,False,False
