X,Y,Z,Porosity,Attr,AI,Sequence,Well
41600,74700,-0.35,36.3,0.9458823561668396,3523177.0,m1,m27
41600,74700,-1.85,32.2,0.9449760298079427,,m1,m27
41600,74700,-2.77,24.7,0.9442861890186106,,m1,m27
41600,74700,-4.27,32.9,0.9357775874496382,,m1,m27
41600,74700,-5.81,37.3,0.9195063427447395,3576453.9999999995,m1,m27
41600,74700,-7.13,36.2,0.9007949886120417,,m1,m27
41600,74700,-8.38,24.9,0.8794930867675472,,m1,m27
41600,74700,-9.73,34.6,0.8595857488503109,3815605.0,m1,m27
41600,74700,-10.9,39.1,0.8475411716132064,3708750.0,m1,m27
41600,74700,-12.38,38.4,0.8369108617347116,3978040.0,m1,m27
41600,74700,-13.39,17.5,0.8464952942568603,4119528.0,m1,m27
41600,74700,-13.51,30.6,0.8476340387149375,,m1,m27
41600,74700,-15.01,36.3,0.861868344440901,3746330.0,m1,m27
41600,74700,-15.61,46.8,0.8740116286006112,3287175.0,m1,m27
41600,74700,-17.04,36.1,0.9033120012693979,3785565.0,m1,m27
41600,74700,-17.99,44.9,0.9216241715084751,3393390.0,m1,m27
41600,74700,-19.48,47.0,0.9330275570581218,3324145.0,m1,m27
41600,74700,-20.46,51.3,0.9405277703726544,2749562.0,m1,m27
41600,74700,-21.62,51.0,0.9385660029369003,,m1,m27
41600,74700,-22.03,54.1,0.936434122076893,,m1,m27
41600,74700,-23.03,43.1,0.9312344126622413,3623556.0,m1,m27
41600,74700,-24.53,34.9,0.9156200962321334,3697897.0,m1,m27
41600,74700,-25.68,38.1,0.8993915131171671,3539132.0,m1,m27
41600,74700,-26.44,45.8,0.8886665364498851,2593515.0,m1,m27
41600,74700,-28.21,46.3,0.8795838876556182,3567630.0,m1,m27
41600,74700,-29.66,38.7,0.8736541731781134,,m1,m27
41600,74700,-30.18,39.0,0.8729069640104948,3237360.0,m1,m27
41600,74700,-31.93,49.4,0.8703923177733172,3072404.9999999995,m1,m27
41600,74700,-32.82,44.2,0.8532398413139889,,m1,m27
41600,74700,-38.94,46.8,0.584603054558609,,m1,m27
41600,74700,-41.7,42.7,0.5135058672708244,3232552.0,m1,m27
41600,74700,-42.27,40.6,0.5058048717570746,3705774.0,m1,m27
41600,74700,-46.18,42.7,0.5064173848732162,3410760.0,m1,m27
41600,74700,-47.3,36.9,0.5250739296555541,3876040.0,m1,m27
41600,74700,-48.42,37.4,0.5504218785245277,3783785.0,m1,m27
41600,74700,-49.65,41.8,0.5782030657215779,3334477.9999999995,m1,m27
41600,74700,-53.06,39.1,0.6461326404944884,3473817.0,m1,m27
41600,74700,-56.32,36.5,0.6669976879692064,3561187.0,m1,m27
41600,74700,-62.12,39.5,0.6683781261471514,3664964.0,m1,m27
41600,74700,-71.27,41.6,0.7539120479209392,3564747.0,m1,m27
41600,74700,-74.34,43.1,0.8189028699828208,3468780.0,m1,m27
41600,74700,-75.65,37.8,0.8550431773652802,3463537.0,m1,m27
41600,74700,-77.37,39.8,0.8590726775665284,3598980.0,m1,m27
41600,74700,-78.22,37.4,0.8610640003404011,3727364.0,m1,m27
41600,74700,-78.62,40.1,0.8575752870391801,,m1,m27
41600,74700,-79.12,38.2,0.851693337754312,3730416.0,m1,m27
41600,74700,-80.06,46.5,0.8406352730987603,,m1,m27
41600,74700,-80.41,25.5,0.8365179085993527,3401300.0,m1,m27
41600,74700,-83.22,34.2,0.8410202484418644,,m1,m27
41600,74700,-85.42,42.8,0.8625021718640858,3534752.0,m1,m27
41600,74700,-86.87,42.0,0.8794260930930281,3436096.0,m1,m27
41600,74700,-88.37,41.4,0.8204637941784512,3411408.0,m1,m27
41600,74700,-89.48,36.5,0.774239530192389,3361431.0,m1,m27
41600,74700,-92.62,40.2,0.6570173358913143,3224944.0,m1,m27
41600,74700,-95.67,34.3,0.6033131163689885,,m41,m27
41600,74700,-110.7,34.8,0.7507631190046111,,m41,m27
41600,74700,-135.44,33.8,0.6101265896151544,,m41,m27
41600,74700,-138.37,25.4,0.6087580595429112,,m41,m27
41600,74700,-159.35,47.7,0.5303779425142761,,m41,m27
41600,74700,-166.11,36.7,0.7684490098135158,3552528.0,m41,m27
41600,74700,-174.83,48.1,0.8467117989203492,2290279.0,m41,m27
41600,74700,-175.64,44.4,0.8598468937914153,3586170.0,m41,m27
41600,74700,-176.91,41.3,0.8673056728794195,3557460.0,m41,m27
41600,74700,-178.01,45.0,0.8671582564420987,3499646.0,m41,m27
41600,74700,-182.98,37.5,0.8044074218012417,3692260.0,m41,m27
41600,74700,-186.06,45.4,0.8471878643591927,3535948.0,m41,m27
41600,74700,-186.06,45.4,0.8471878643591927,3535948.0,m41,m27
41600,74700,-189.08,39.1,0.8459738782268073,3707662.0,m41,m27
41600,74700,-192.04,44.5,0.6914793608551998,,m41,m27
41600,74700,-192.04,44.9,0.6914793608551998,,m41,m27
41600,74700,-192.89,45.0,0.6290457747132956,3347135.0,m41,m27
41600,74700,-194.29,45.9,0.5586133976182018,3278284.0,m41,m27
41600,74700,-195.19,44.1,0.5240474426113053,,m41,m27
41600,74700,-195.94,42.1,0.49524248010555844,,m41,m27
41600,74700,-195.94,42.8,0.49524248010555844,,m41,m27
41600,74700,-197.44,41.8,0.4758801100381836,,m41,m27
41600,74700,-198.39,45.6,0.46972274590167745,3275982.0,m41,m27
41600,74700,-199.98,42.1,0.48341068178617524,3467730.0,m41,m27
41600,74700,-202.06,48.1,0.5294067554124006,3285090.0,m41,m27
41600,74700,-202.84,47.6,0.5646722033639422,3248635.0,m41,m27
41600,74700,-204.15,46.6,0.623900071077429,3242075.0,m41,m27
41600,74700,-204.49,48.0,0.6392721894152806,3200892.0,m41,m27
41600,74700,-205.89,47.1,0.6922215151519682,3256846.0,m41,m27
41600,74700,-207.45,54.1,0.7469048007724657,2993856.0,m41,m27
41600,74700,-208.95,47.1,0.7708386711293679,,m41,m27
41600,74700,-209.27,49.5,0.7744302059076537,3127000.0,m41,m27
41600,74700,-210.82,52.8,0.7923084924767542,,m5,m27
41600,74700,-211.21,55.3,0.7976461302019647,3083012.0,m5,m27
41600,74700,-212.73,46.5,0.8184492310797072,3251262.0,m5,m27
41600,74700,-213.51,46.8,0.829192448513987,3167957.0,m5,m27
41600,74700,-215.01,49.0,0.8608550163748585,3151395.0,m5,m27
41600,74700,-216.41,62.7,0.8900278940162464,,m5,m27
41600,74700,-216.86,66.8,0.8943088608686338,,m5,m27
41600,74700,-217.95,53.3,0.9046783139110828,2705422.0,m5,m27
41600,74700,-218.55,54.8,0.9103862697142661,2884674.0,m5,m27
41600,74700,-219.25,49.1,0.9170455514846461,,m5,m27
41600,74700,-219.66,55.3,0.9046684252933068,2868192.0,m5,m27
41600,74700,-221.16,53.2,0.8588280952924122,,m5,m27
41600,74700,-222.47,43.9,0.8126402013699977,,m5,m27
41600,74700,-222.64,53.1,0.8043653556875215,2851689.0,m5,m27
41600,74700,-225.39,37.3,0.6739120132328734,,m5,m27
41600,74700,-226.27,52.2,0.6388950336688947,2933280.0,m5,m27
41600,74700,-227.56,53.6,0.5875633249898822,3103380.0,m5,m27
41600,74700,-228.61,56.3,0.5622622030000797,,m5,m27
41600,74700,-230.19,48.5,0.535220387054648,3356465.0,m5,m27
41600,74700,-231.86,46.9,0.5382554745960535,3279470.0,m5,m27
41600,74700,-234.66,45.9,0.6078759877128286,2966700.0,m54,m27
41600,74700,-235.38,46.0,0.6423217580003584,3304230.9999999995,m54,m27
41600,74700,-236.52,57.6,0.6969210902605724,3055645.0,m54,m27
41600,74700,-237.79,54.7,0.7681382337820555,3024195.0,m54,m27
41600,74700,-238.9,54.6,0.8303831387496526,3072296.0,m54,m27
41600,74700,-240.3,51.0,0.8597943489130424,3194343.0,m54,m27
41600,74700,-241.06,53.5,0.8614466559329672,3141888.0,m54,m27
41600,74700,-242.22,57.3,0.8639685982265368,,m54,m27
41600,74700,-242.72,52.3,0.8433890218304437,,m54,m27
41600,74700,-242.72,54.5,0.8433890218304437,,m54,m27
41600,74700,-244.63,65.1,0.7564589372588728,2742440.0,m54,m27
41600,74700,-246.13,63.1,0.7078821527834168,2693015.0,m54,m27
41600,74700,-247.62,63.4,0.6697703819505453,2835470.0,m54,m27
41600,74700,-249.13,57.5,0.6817474973219875,2869300.0,m54,m27
41600,74700,-250.33,53.2,0.7056883541925925,3019500.0,m54,m27
41600,74700,-251.87,60.4,0.7412393234451379,2782434.0,m54,m27
41600,74700,-253.95,57.2,0.7884922983615136,2953440.0,m54,m27
41600,74700,-254.84,58.2,0.7879951256780653,2976183.0,m54,m27
41600,74700,-256.88,58.9,0.78937094889698,2714585.0,m54,m27
41600,74700,-258.55,60.8,0.8065488940556856,2876480.0,m54,m27
41600,74700,-259.65,61.0,0.8189642839935732,2829916.0,m54,m27
41600,74700,-261.48,60.0,0.8538406933103321,2813499.0,m54,m27
41600,74700,-262.09,61.0,0.865466163082584,2739659.0,m54,m27
41600,74700,-263.16,61.6,0.8701252553601467,2828853.0,m54,m27
41600,74700,-264.76,62.6,0.8674516170692886,2817737.0,m54,m27
41600,74700,-265.48,61.0,0.867568824933982,,m54,m27
41600,74700,-266.95,55.2,0.8746969468990312,,m54,m27
41600,74700,-269.3,56.4,0.8798442106352203,2877246.0,m54,m27
41600,74700,-271.85,47.6,0.8471172915009666,3255200.0,m54,m27
41600,74700,-272.89,46.2,0.8069106928797471,2934150.0,m54,m27
41600,74700,-274.46,51.6,0.7434264943827085,2863239.0,m54,m27
41600,74700,-275.93,49.3,0.6791865142791524,2953710.0,m54,m27
41600,74700,-277.19,52.1,0.6324132084123113,,m54,m27
41600,74700,-278.06,48.2,0.6121314859850671,2893044.0,m54,m27
41600,74700,-279.55,53.2,0.5773961222878327,2958336.0,m54,m27
41600,74700,-281.24,53.2,0.5907215850597181,3067584.0,m54,m27
41600,74700,-282.77,55.2,0.6128779878641957,2820018.0,m54,m27
41600,74700,-283.68,56.8,0.6484088030652119,2763180.0,m54,m27
41600,74700,-285.2,53.0,0.7077569779064674,2999916.0,m54,m27
41600,74700,-286.96,52.0,0.7483682622658844,2954224.0,m54,m27
41600,74700,-288.48,56.7,0.7778781609330329,2916447.0,m54,m27
41600,74700,-289.76,54.4,0.7896723560103867,2858914.5,m54,m27
41600,74700,-291.14,58.7,0.8023879725781591,2802427.0,m54,m27
41600,74700,-293.16,58.5,0.8572666218095197,2895025.0,m54,m27
41600,74700,-294.66,49.0,0.8657918979001565,3111820.0,m54,m27
41600,74700,-295.86,45.7,0.8353889784699634,3298765.0,m54,m27
41600,74700,-297.36,46.9,0.782844695549194,3296689.0,m54,m27
41600,74700,-299.26,53.0,0.672091010736838,3001344.0,m54,m27
41600,74700,-300.77,50.1,0.6116256611197878,3190744.0,m54,m27
41600,74700,-301.65,51.7,0.5852057779553037,,m54,m27
41600,74700,-301.96,48.6,0.575898773658724,,m54,m27
41600,74700,-303.44,48.3,0.5537290040237878,3293510.0,m54,m27
41600,74700,-304.73,47.1,0.5523833465594787,,m54,m27
41600,74700,-305.25,52.9,0.5518409109924705,3054216.0,m54,m27
41600,74700,-306.86,54.7,0.6079626671109615,3064516.0,m58,m27
41600,74700,-308.05,56.4,0.6591566620963495,2979880.0,m58,m27
41600,74700,-309.65,47.1,0.7331238729178953,3178532.0,m58,m27
41600,74700,-311.53,45.5,0.814495021395632,3228115.0000000154,m58,m27
41600,74700,-313.03,46.9,0.8368962720111996,3167248.500000036,m58,m27
41600,74700,-314.16,50.4,0.8537718808082614,3049983.5000000056,m58,m27
41600,74700,-315.71,53.2,0.8322773414630438,2993900.0,m58,m27
41600,74700,-316.42,49.0,0.8221957150734399,3282216.0,m58,m27
41600,74700,-317.47,49.0,0.8005332626466071,3301770.499999928,m58,m27
41600,74700,-318.7,49.1,0.7630941055670271,,m58,m27
41600,74700,-320.29,50.2,0.7258833376165832,3088679.0,m58,m27
41600,74700,-321.72,52.4,0.7268679575606473,3244745.499999803,m58,m27
41600,74700,-323.22,49.5,0.7423170661645403,3135339.0,m58,m27
41600,74700,-323.54,54.6,0.7537102916724757,2988024.0,m58,m27
41600,74700,-325.04,47.5,0.8071160362409243,3197134.0,m58,m27
41600,74700,-326.04,48.6,0.8311654727270735,,m58,m27
41600,74700,-327.08,47.2,0.8344781486941402,,m58,m27
41600,74700,-328.79,43.9,0.8308419522050425,3169812.0,m58,m27
41600,74700,-329.36,48.9,0.8101408834162079,3345024.0,m58,m27
41600,74700,-330.9,47.0,0.7542116800218133,3645292.0,m58,m27
41600,74700,-333.0,43.2,0.6916778664853569,,m58,m27
41600,74700,-334.34,43.9,0.6553974763879965,3814640.0,m58,m27
41600,74700,-335.66,50.6,0.6491413100650856,3485103.9999999995,m58,m27
41600,74700,-337.16,40.5,0.6420320301526871,,m58,m27
41600,74700,-337.16,39.5,0.6420320301526871,,m58,m27
41600,74700,-338.89,39.7,0.6716956301142563,3289068.0,m58,m27
41600,74700,-339.3,33.7,0.6788814492468632,3085397.0,m58,m27
41600,74700,-339.55,36.1,0.6832630462789404,,m58,m27
41600,74700,-339.83,32.0,0.6881704349548663,4032590.0,m58,m27
41600,74700,-341.64,33.7,0.7476433174686361,3482070.0,m58,m27
41600,74700,-344.87,38.5,0.8320890447802644,3337440.0,m58,m27
41600,74700,-348.07,37.8,0.8283868615210649,,m58,m27
41600,74700,-350.66,41.5,0.806281582420446,,m58,m27
41600,74700,-354.5,42.1,0.8111147938885032,3759264.0,m58,m27
41600,74700,-355.23,31.1,0.8004764868028152,3621156.0,m58,m27
41600,74700,-356.56,41.1,0.781094365674097,,m58,m27
41600,74700,-360.08,32.6,0.7659580972160208,4150776.0,m58,m27
41600,74700,-366.64,38.2,0.8803061310910621,3625020.0,m58,m27
41600,74700,-369.22,45.0,0.8645150879017388,,m58,m27
41600,74700,-372.12,48.1,0.8236904218003218,3132378.0,m58,m27
41600,74700,-373.2,51.0,0.8126513445519351,,m58,m27
41600,74700,-375.16,45.3,0.7934302900810497,3051089.9999999995,m58,m27
41600,74700,-376.66,44.1,0.7802140788980563,3376633.0,m58,m27
41600,74700,-378.21,38.2,0.7656608856010663,3665480.0,m58,m27
41600,74700,-379.71,41.0,0.7506512244765216,,m58,m27
41600,74700,-381.91,39.1,0.7177159163351479,3611102.0,m58,m27
41600,74700,-382.76,38.5,0.7033100599839254,3347553.0,m58,m27
41600,74700,-384.31,40.4,0.6755335243704192,3410343.0,m58,m27
41600,74700,-385.81,39.0,0.6480503881854326,3300528.0,m58,m27
41600,74700,-387.27,39.6,0.636162078379533,3257245.0,m58,m27
41600,74700,-389.49,41.0,0.6321059024459319,3292498.0,m58,m27
41600,74700,-390.2,42.4,0.6397826357375432,3441272.0,m58,m27
41600,74700,-391.75,55.4,0.6565417013741602,3374387.9999999995,m58,m27
41600,74700,-393.91,27.4,0.7148823130355587,,m58,m27
41600,74700,-397.0,40.6,0.8126112836819959,3527132.0,m58,m27
41600,74700,-399.81,29.5,0.8688931318468744,3575844.0,m58,m27
41600,74700,-402.99,39.8,0.8800705139696683,3327899.0,m58,m27
41600,74700,-404.15,39.9,0.877734425139638,,m58,m27
41600,74700,-405.44,38.2,0.8739220356955937,2894140.0,m58,m27
41600,74700,-408.71,41.5,0.8841939009475108,3425984.0,m58,m27
41600,74700,-410.22,38.3,0.8926069742788633,3563462.0,m58,m27
41600,74700,-411.74,41.5,0.9013440941733151,,m58,m27
41600,74700,-413.24,38.7,0.9001135937405742,,m58,m27
41600,74700,-414.96,38.2,0.895967017949866,,m58,m27
41600,74700,-416.46,38.7,0.8842787148735135,,m58,m27
41600,74700,-417.84,37.2,0.8740278776273552,,m58,m27
41600,74700,-419.34,39.9,0.8692511047231355,,m58,m27
41600,74700,-420.94,45.2,0.8658437439872,,m58,m27
41600,74700,-422.46,45.2,0.8687179531837215,,m58,m27
41600,74700,-423.91,47.0,0.8732014108034983,,m58,m27
41600,74700,-425.42,47.8,0.8822289562447151,3184344.0,m58,m27
41600,74700,-426.84,50.4,0.8907283416967228,,m58,m27
41600,74700,-428.84,53.5,0.9027266639453642,2729475.0,m58,m27
41600,74700,-430.26,49.9,0.9131024136311736,3063780.0,m58,m27
41600,74700,-432.28,47.9,0.9275377895981454,3093385.0,m58,m27
41600,74700,-433.99,48.3,0.9270542825772348,3308725.0,m58,m27
41600,74700,-434.95,49.7,0.9267828400391797,3293925.0,m58,m27
41600,74700,-436.79,50.0,0.8946455327686579,3255194.9999999995,m58,m27
41600,74700,-437.82,48.0,0.8762638537743266,3279719.0,m58,m27
41600,74700,-439.42,49.2,0.8527758851743186,3307452.0,m58,m27
41600,74700,-440.7,48.5,0.8341063612490474,3193200.0,m58,m27
41600,74700,-442.81,48.6,0.826574307233171,3387860.0,m58,m27
41600,74700,-444.01,51.1,0.8259434596617762,3368040.0,m58,m27
41600,74700,-445.58,49.0,0.8342752394696616,3114290.0,m58,m27
41600,74700,-448.35,51.8,0.8498414477333083,3237130.0,m58,m27
41600,74700,-449.85,55.7,0.8573051594856681,,m58,m27
41600,74700,-451.4,51.7,0.8623703768308163,2988567.0,m58,m27
41600,74700,-452.91,54.6,0.8645592021536392,3070322.0,m58,m27
41600,74700,-454.35,53.8,0.8632858814821303,3200834.0,m58,m27
41600,74700,-455.86,49.6,0.8554766334401005,3444664.0,m58,m27
41600,74700,-457.48,55.1,0.8397707500717458,3003636.0,m58,m27
41600,74700,-458.96,56.5,0.803283695965669,3130020.0,m58,m27
41600,74700,-460.66,50.9,0.7475294538555722,3249165.0,m58,m27
41600,74700,-462.05,57.4,0.6841989814004548,3161856.0,m58,m27
41600,74700,-463.52,58.9,0.6137300109408745,2793204.0,m58,m27
41600,74700,-464.62,53.3,0.5793125093979873,,m58,m27
41600,74700,-466.68,54.9,0.5256009772306772,2185146.0,m58,m27
41600,74700,-466.69,54.4,0.5256284590648163,2539882.0,m58,m27
41600,74700,-468.31,54.0,0.5300805161953307,3133509.0,m58,m27
41600,74700,-469.47,48.6,0.5332684089554522,3431232.0,m58,m27
41600,74700,-469.69,48.0,0.542040718880373,3456365.0,m58,m27
41600,74700,-471.19,42.5,0.6133368926674108,3387010.0,m58,m27
41600,74700,-473.05,41.6,0.7106387859292219,,m58,m27
41600,74700,-474.3,38.5,0.7867487795203459,,m58,m27
41600,74700,-475.96,42.6,0.8485939862446544,3480912.0,m58,m27
41600,74700,-477.5,44.9,0.8559870088556263,3512300.0,m58,m27
41600,74700,-479.01,43.1,0.8625836566124404,3995238.0,m58,m27
41600,74700,-480.51,43.0,0.8686636962002043,3798993.0,m58,m27
41600,74700,-481.91,40.9,0.8833206044563293,,m58,m27
41600,74700,-483.44,40.2,0.904852228985677,3586460.0,m58,m27
41600,74700,-484.94,42.2,0.916310729120111,3716752.0,m58,m27
41600,74700,-487.09,42.1,0.9199553172798594,3651560.0,m58,m27
41600,74700,-488.01,45.3,0.9049642613930234,,m58,m27
41600,74700,-489.78,37.6,0.8769351232846365,3818206.0,m6,m27
41600,74700,-491.68,37.6,0.8572396911290122,,m6,m27
41600,74700,-492.79,37.1,0.8504478434598727,,m6,m27
41600,74700,-493.28,27.6,0.8539071911895679,,m6,m27
41600,74700,-493.97,44.2,0.8587785175844459,,m6,m27
41600,74700,-494.51,34.6,0.8625908599804368,,m6,m27
41600,74700,-495.57,43.5,0.8713246267699496,,m6,m27
41600,74700,-497.35,39.7,0.8966769801717085,,m6,m27
41600,74700,-498.61,39.3,0.911852853696592,,m6,m27
41600,74700,-499.96,38.5,0.9200027027496592,,m6,m27
41600,74700,-500.21,37.1,0.9215119340557829,,m6,m27
41600,74700,-501.66,44.5,0.9291654127582749,3456420.0,m6,m27
41600,74700,-502.91,35.1,0.9340211387537437,,m6,m27
41600,74700,-504.65,38.0,0.9382198475128768,4156568.0,m6,m27
41600,74700,-506.52,42.2,0.9378184424335803,,m6,m27
41600,74700,-506.99,43.9,0.9375536723087932,4097065.5,m6,m27
41600,74700,-508.49,39.8,0.9344426401814185,3593018.5,m6,m27
41600,74700,-513.46,39.0,0.9361949727511109,3648920.0,o1,m27
41600,74700,-513.62,41.2,0.9350000921674205,,o1,m27
41600,74700,-515.82,42.7,0.9110752680154331,,o1,m27
41600,74700,-517.34,36.2,0.860261339168748,4054901.0,o1,m27
41600,74700,-517.43,36.6,0.8572526196975654,3684406.9999996037,o1,m27
41600,74700,-518.66,37.5,0.8167287992699257,,o1,m27
41600,74700,-518.92,44.9,0.8086506610995854,,o1,m27
41600,74700,-519.88,37.1,0.7788236893937116,,o1,m27
41600,74700,-521.64,35.0,0.7305078092281272,3946383.0,o1,m27
41600,74700,-523.14,35.8,0.7107499029914425,3630588.0,o1,m27
41600,74700,-525.24,36.2,0.7010347967894852,,o1,m27
41600,74700,-526.79,39.7,0.7063918402966098,3930412.5,o1,m27
41600,74700,-527.41,32.7,0.707246288882196,4377050.5,o1,m27
41600,74700,-527.56,32.5,0.707246288882196,,o1,m27
41600,74700,-528.91,37.0,0.707246288882196,3471722.0,o1,m27
40800,57800,-223.68,52.0,0.9205823574200271,3012288.0,m41,m28
40800,57800,-225.18,46.6,0.9056148774720124,3490876.0,m41,m28
40800,57800,-226.73,48.5,0.8877243270839823,,m41,m28
40800,57800,-228.05,51.8,0.8499394524225796,,m41,m28
40800,57800,-229.62,49.8,0.8043803956776445,3351955.0,m41,m28
40800,57800,-231.11,52.2,0.7488041140777453,3227190.0,m41,m28
40800,57800,-232.83,50.3,0.6916319428443406,3230864.0,m41,m28
40800,57800,-234.33,52.9,0.6692969482803409,3172341.0,m41,m28
40800,57800,-235.88,52.6,0.6647698595534953,3142347.0,m41,m28
40800,57800,-237.38,53.5,0.6991320092738429,3109080.0,m41,m28
40800,57800,-239.59,50.7,0.7751033506783616,,m41,m28
40800,57800,-240.88,50.1,0.8293419019102581,,m41,m28
40800,57800,-242.02,53.2,0.8656942042313169,3157480.0,m41,m28
40800,57800,-243.52,53.0,0.9089766694715496,,m41,m28
40800,57800,-245.8,42.4,0.9352624615287853,3614013.0,m5,m28
40800,57800,-246.7,38.6,0.9412737900632158,3721950.0,m5,m28
40800,57800,-248.03,48.8,0.9392716450151837,2955546.0,m5,m28
40800,57800,-249.53,50.3,0.9349031531454597,3167366.0,m5,m28
40800,57800,-251.65,58.7,0.9293408165276561,2983572.0,m5,m28
40800,57800,-253.73,58.4,0.9268617343142481,,m5,m28
40800,57800,-254.01,56.3,0.9268882645063078,2945544.0,m5,m28
40800,57800,-257.71,36.9,0.9131465893641392,3453630.0,m5,m28
40800,57800,-260.67,41.8,0.7706976255079407,3320385.0,m5,m28
40800,57800,-263.33,40.6,0.5779240810661399,3643820.0,m5,m28
40800,57800,-264.81,43.6,0.5043812086636372,3450912.0,m5,m28
40800,57800,-265.99,35.6,0.4846077113871756,3262256.0,m5,m28
40800,57800,-269.33,27.5,0.6102118051527539,3399437.9999999995,m5,m28
40800,57800,-272.21,44.2,0.7314055026273235,,m5,m28
40800,57800,-274.95,44.9,0.6497701828297545,3423797.9999999995,m54,m28
40800,57800,-275.3,55.2,0.633151276417065,3320800.0,m54,m28
40800,57800,-277.01,54.4,0.5896338744661602,,m54,m28
40800,57800,-278.34,44.7,0.5635988753329865,3526939.0,m54,m28
40800,57800,-279.84,50.2,0.6478148548967155,3433338.9999999995,m54,m28
40800,57800,-281.34,43.3,0.7491404743394627,,m54,m28
40800,57800,-284.34,44.8,0.8019225094082127,3477620.0,m54,m28
40800,57800,-287.68,49.5,0.6907060088564645,3258684.0,m54,m28
40800,57800,-290.65,49.5,0.754906350968099,3259168.0,m54,m28
40800,57800,-292.41,49.5,0.8215485702437745,2679768.0,m54,m28
40800,57800,-293.27,57.1,0.8384094847356788,,m54,m28
40800,57800,-296.75,56.5,0.8167814183485892,2868216.0,m54,m28
40800,57800,-297.73,54.6,0.8123236021857018,,m54,m28
40800,57800,-298.58,55.9,0.8084571289831977,,m54,m28
40800,57800,-298.68,52.9,0.8082454336365453,,m54,m28
40800,57800,-299.3,51.4,0.8236849013757316,,m54,m28
40800,57800,-299.67,54.9,0.8328987772846009,3099096.0,m54,m28
40800,57800,-301.14,50.8,0.8695052572468643,2813464.0,m54,m28
40800,57800,-303.25,59.8,0.8903575717915989,2848690.0,m54,m28
40800,57800,-304.7,52.8,0.8945898549097789,3075132.0,m54,m28
40800,57800,-306.59,58.0,0.8730020601900437,2777895.0,m54,m28
40800,57800,-307.36,58.4,0.8640113904047849,2761798.0,m54,m28
40800,57800,-309.26,56.4,0.8359892725248286,2968266.0,m54,m28
40800,57800,-310.97,50.9,0.8043958182987451,2791800.0,m54,m28
40800,57800,-311.77,58.2,0.7861618265828084,,m54,m28
40800,57800,-313.52,54.4,0.7431521995299886,3218936.0,m54,m28
40800,57800,-314.77,57.4,0.7062824415120655,,m54,m28
40800,57800,-318.41,59.1,0.6159364235896765,2921072.0,m54,m28
40800,57800,-320.1,56.3,0.6009471246200356,2128388.0,m54,m28
40800,57800,-320.99,51.1,0.5968154036483123,3083697.0,m54,m28
40800,57800,-322.45,21.2,0.5986584109114343,2607948.0,m54,m28
40800,57800,-323.39,54.0,0.6048680277821548,3205212.0,m54,m28
40800,57800,-323.87,52.3,0.608038895971459,3377036.0,m54,m28
40800,57800,-324.04,45.4,0.6091619117885043,3361925.9999999995,m54,m28
40800,57800,-325.39,45.0,0.6157042975116216,,m54,m28
40800,57800,-325.82,41.3,0.6173139920354901,,m54,m28
40800,57800,-325.88,28.1,0.6175386005737044,3320085.0,m54,m28
40800,57800,-326.48,28.3,0.6197846859558465,3017800.0,m54,m28
40800,57800,-327.52,35.7,0.6229963347333625,4320288.0,m54,m28
40800,57800,-327.55,46.6,0.6228636235292613,,m54,m28
40800,57800,-328.81,45.1,0.6172897529570126,3299940.0,m54,m28
40800,57800,-329.04,31.9,0.616272300392237,,m54,m28
40800,57800,-330.12,25.4,0.6114946970445954,,m54,m28
40800,57800,-330.43,39.3,0.6107954478763059,,m54,m28
40800,57800,-331.69,19.7,0.6124613565877699,,m54,m28
40800,57800,-332.24,39.4,0.6131885389618217,3932940.0,m54,m28
40800,57800,-332.94,53.2,0.6141140438015239,,m54,m28
40800,57800,-333.41,20.8,0.6139228280131109,3987255.0,m54,m28
40800,57800,-333.44,22.3,0.613851926454631,,m54,m28
40800,57800,-335.0,29.8,0.610165045413673,3204228.0,m54,m28
40800,57800,-336.16,27.6,0.606824047035526,,m54,m28
40800,57800,-337.13,10.7,0.598346196171534,,m54,m28
40800,57800,-342.79,27.6,0.5289094322063647,3626688.0,m54,m28
40800,57800,-344.28,25.2,0.5200263410817347,3172483.9999999995,m54,m28
40800,57800,-345.84,33.2,0.5264602140457731,,m54,m28
40800,57800,-347.34,28.0,0.5381378829327921,3603576.0,m54,m28
40800,57800,-348.96,27.6,0.5716945881542189,4101888.0,m54,m28
40800,57800,-352.59,25.8,0.6621927539928929,3356799.0,m54,m28
40800,57800,-354.99,25.7,0.6992547360523483,3122952.0,m54,m28
40800,57800,-358.29,44.6,0.6988647222638988,3495316.0,m54,m28
40800,57800,-359.81,49.6,0.6873993494339503,3396877.0,m54,m28
40800,57800,-361.04,47.7,0.6765405089418056,3343626.0,m54,m28
40800,57800,-362.45,39.4,0.6699658958044152,,m54,m28
40800,57800,-364.04,42.0,0.6747686112082527,3290886.0,m54,m28
40800,57800,-365.6,38.2,0.6808260001416357,3686604.0,m54,m28
40800,57800,-367.06,46.3,0.6877894890531435,,m54,m28
40800,57800,-370.09,48.5,0.7075149238069224,,m54,m28
40800,57800,-373.82,42.4,0.7920458452863373,2945288.0,m54,m28
40800,57800,-374.54,39.0,0.813697254302965,,m54,m28
40800,57800,-379.7,42.3,0.8592064045422041,3385040.9999999995,m54,m28
40800,57800,-381.74,43.7,0.8345266623167931,3214836.0,m54,m28
40800,57800,-383.08,45.8,0.8084045155985821,,m54,m28
40800,57800,-385.74,43.4,0.7421154874492484,3255126.0,m54,m28
40800,57800,-387.24,50.4,0.69444264844487,3410472.0,m54,m28
40800,57800,-388.54,42.6,0.6631898660615808,,m54,m28
40800,57800,-390.16,47.1,0.6350815827053767,3562416.0,m54,m28
40800,57800,-391.22,45.8,0.629707794621781,3464892.0,m54,m28
40800,57800,-394.87,40.5,0.6864604931407953,3191370.0,m54,m28
40800,57800,-397.59,39.5,0.764607585387269,,m54,m28
40800,57800,-398.15,35.9,0.7809395641908017,,m54,m28
40800,57800,-398.92,42.5,0.8033960350456602,,m54,m28
40800,57800,-400.17,36.7,0.8153497803578222,,m54,m28
40800,57800,-402.41,36.6,0.8116328231389588,,m54,m28
40800,57800,-406.83,35.1,0.7738764464147958,3344772.0,m54,m28
40800,57800,-412.82,42.1,0.8515073518953642,3264420.0,m54,m28
40800,57800,-414.32,42.1,0.8620820971851816,3192610.0,m54,m28
40800,57800,-416.67,40.6,0.8643598152586157,,m54,m28
40800,57800,-418.17,41.7,0.8655400771081887,2954654.0,m54,m28
40800,57800,-420.31,47.3,0.8658275358495326,3475600.0,m54,m28
40800,57800,-421.8,46.0,0.8644812598970086,3514685.9999999995,m54,m28
40800,57800,-422.75,43.7,0.8622637302460147,,m54,m28
40800,57800,-424.24,44.8,0.8557193313756881,3126825.0,m54,m28
40800,57800,-426.39,56.4,0.84972966115067,3108651.0,m54,m28
40800,57800,-427.27,46.8,0.8485001245429089,3097833.0,m54,m28
40800,57800,-428.58,47.2,0.8501114753834385,,m54,m28
40800,57800,-429.89,46.3,0.8579431410733132,,m54,m28
40800,57800,-430.69,46.4,0.8627258376778169,3124544.9999999995,m54,m28
40800,57800,-431.99,47.2,0.8703044388166804,3195712.0,m54,m28
40800,57800,-433.09,45.8,0.8766680700921364,3361826.0,m54,m28
40800,57800,-433.92,44.8,0.8815517923677972,3139786.0,m54,m28
40800,57800,-435.46,52.2,0.8928157980512985,3473910.0,m54,m28
40800,57800,-436.97,52.1,0.9011559574854293,3333696.0,m54,m28
40800,57800,-438.27,46.6,0.8951897141921467,3348357.0,m54,m28
40800,57800,-439.58,43.0,0.8891775767196847,3476286.0,m54,m28
40800,57800,-440.06,45.0,0.8807377359413413,3302208.0,m54,m28
40800,57800,-441.71,44.7,0.8498144603277654,,m54,m28
40800,57800,-443.17,50.2,0.8229285097870456,2812222.0,m54,m28
40800,57800,-444.7,44.1,0.795335415743818,3303340.0,m54,m28
40800,57800,-446.12,47.6,0.7762296518882693,,m54,m28
40800,57800,-447.65,52.2,0.7619436530927226,3073005.0,m54,m28
40800,57800,-452.27,52.9,0.7542197025131407,2870216.0,m54,m28
40800,57800,-453.65,51.3,0.7590584342431618,,m54,m28
40800,57800,-455.52,51.3,0.7700223803219229,3043238.0,m54,m28
40800,57800,-457.03,47.7,0.7795946688719627,3288770.0,m54,m28
40800,57800,-458.9,55.5,0.7902829492841374,2995161.0,m54,m28
40800,57800,-460.43,56.2,0.8047756080454513,2834496.0,m54,m28
40800,57800,-461.49,52.5,0.8198555905928859,2937811.0,m54,m28
40800,57800,-463.02,60.1,0.842967739436731,3097219.0,m54,m28
40800,57800,-464.83,47.6,0.8749814309564651,3350840.0,m54,m28
40800,57800,-466.32,51.1,0.8961177181987856,2850750.0,m54,m28
40800,57800,-467.49,49.7,0.9092973589426023,2876530.0,m54,m28
40800,57800,-469.0,31.6,0.9178016405127469,3226456.0,m54,m28
40800,57800,-470.55,52.0,0.9138571314923543,2747095.0,m54,m28
40800,57800,-472.09,57.1,0.903881312937439,2846398.0,m54,m28
40800,57800,-473.51,59.0,0.8898982821649795,2721921.0,m54,m28
40800,57800,-475.06,58.2,0.8742744316771616,3048360.0,m54,m28
40800,57800,-475.98,51.8,0.8648554707615949,3292758.0,m54,m28
40800,57800,-476.64,46.0,0.8580983901047756,3339441.0,m54,m28
40800,57800,-478.14,44.6,0.843504340714861,3381180.0,m54,m28
40800,57800,-479.72,54.7,0.828398430747314,3207501.0,m54,m28
40800,57800,-480.97,56.4,0.8285754182073107,2909307.0,m54,m28
40800,57800,-482.17,57.6,0.830578192538876,,m54,m28
40800,57800,-482.74,50.8,0.8315295103463695,3308010.0,m54,m28
40800,57800,-484.04,55.1,0.8279567222444194,3191016.0,m54,m28
40800,57800,-485.35,49.3,0.8242360500704772,3271170.0,m54,m28
40800,57800,-485.82,50.8,0.8232794615776189,2958774.0,m54,m28
40800,57800,-487.33,52.3,0.8222177300249098,2959617.0,m54,m28
40800,57800,-488.9,53.1,0.8241961076951769,3052350.0,m54,m28
40800,57800,-490.23,53.6,0.8340336306667421,3013835.0,m54,m28
40800,57800,-491.36,52.7,0.8423918268756655,2897840.0,m54,m28
40800,57800,-491.99,51.4,0.8499814649961727,3183651.0,m54,m28
40800,57800,-493.51,50.8,0.868720605595681,3185238.0,m54,m28
40800,57800,-495.54,52.0,0.8864808228702638,,m54,m28
40800,57800,-496.99,51.5,0.8960448589984341,3320644.0,m54,m28
40800,57800,-498.01,25.0,0.8974451333071579,3387663.9999999995,m54,m28
40800,57800,-499.57,25.6,0.8980831677272553,3207357.0,m54,m28
40800,57800,-501.04,20.7,0.9006403118555396,3455232.0,m54,m28
40800,57800,-502.57,29.4,0.9042155143568045,2984580.0,m54,m28
40800,57800,-504.17,30.7,0.8984174340852087,3040246.0,m54,m28
40800,57800,-505.6,28.8,0.8910048549436628,3141270.0,m54,m28
40800,57800,-507.27,23.9,0.8762721865317254,,m54,m28
40800,57800,-508.82,22.3,0.8621150937195742,3329400.0,m54,m28
40800,57800,-510.28,41.9,0.8502898316899048,3363156.0,m54,m28
40800,57800,-511.88,38.7,0.8373026165477084,3180800.0,m54,m28
40800,57800,-513.27,44.2,0.8259326084674387,3389490.0,m58,m28
40800,57800,-514.82,49.2,0.8149841702159767,3372690.0,m58,m28
40800,57800,-516.5,45.7,0.8082940818967282,3509750.0,m58,m28
40800,57800,-517.85,47.9,0.8044265883073614,3062280.0,m58,m28
40800,57800,-519.82,43.2,0.8018344422722212,3312200.0,m58,m28
40800,57800,-521.36,42.5,0.8091694497342237,3739610.0,m58,m28
40800,57800,-522.87,44.2,0.818969594445797,3735264.0,m58,m28
40800,57800,-524.37,48.8,0.8319565417516422,3430016.0,m58,m28
40800,57800,-524.82,47.3,0.835975024636081,3492918.0,m58,m28
40800,57800,-526.15,42.6,0.8453036079576481,3862088.0,m58,m28
40800,57800,-527.36,43.3,0.8430598782955371,3510957.0,m58,m28
40800,57800,-527.87,53.5,0.8421141740577879,,m58,m28
40800,57800,-529.41,38.2,0.8401847287849726,,m58,m28
40800,57800,-529.94,24.6,0.8399939365921714,,m58,m28
40800,57800,-531.06,25.0,0.8395907530904027,,m58,m28
40800,57800,-531.57,33.2,0.8394071606029901,,m58,m28
40800,57800,-533.73,13.3,0.8657764653449918,4206735.0,m58,m28
40800,57800,-535.26,26.9,0.8812787876484622,3382680.0,m58,m28
40800,57800,-536.07,25.5,0.8870376630903755,3305120.0,m58,m28
40800,57800,-537.54,30.3,0.8961502928252186,2949560.0,m58,m28
40800,57800,-539.02,30.4,0.8902135664123053,3376000.0,m58,m28
40800,57800,-541.47,38.7,0.8813376310242776,,m58,m28
40800,57800,-542.12,26.0,0.8792572840389842,3907650.0,m58,m28
40800,57800,-543.21,30.9,0.8752385212162074,3727584.0,m58,m28
40800,57800,-544.14,32.6,0.8590823161050748,4036583.0,m58,m28
40800,57800,-547.17,43.3,0.8022377870798963,3559500.0,m58,m28
40800,57800,-548.99,53.4,0.7638636646071109,2831292.0,m58,m28
40800,57800,-550.17,45.4,0.7402799942323038,3342955.0,m58,m28
40800,57800,-551.66,42.8,0.7105006138437748,3397088.0,m58,m28
40800,57800,-553.56,43.5,0.6813089367210947,3584138.0,m58,m28
40800,57800,-555.15,40.9,0.6665099707459422,,m58,m28
40800,57800,-556.62,36.6,0.6726463731014846,3595007.0,m58,m28
40800,57800,-558.02,39.0,0.679454401086265,3638904.0,m58,m28
40800,57800,-559.34,40.3,0.6877006386520295,3664864.0,m58,m28
40800,57800,-561.06,31.1,0.7025013331006029,,m58,m28
40800,57800,-562.63,39.0,0.722439834586974,,m58,m28
40800,57800,-564.16,36.8,0.7269585271066762,,m58,m28
40800,57800,-565.12,32.4,0.7223491039627778,3754248.0,m58,m28
40800,57800,-566.64,35.9,0.7065974911569648,3574560.0,m58,m28
40800,57800,-568.2,41.2,0.6701602935396646,3625975.0,m58,m28
40800,57800,-569.73,37.3,0.6404971041976396,3510132.0,m58,m28
40800,57800,-571.17,34.4,0.6199336407086034,,m58,m28
40800,57800,-572.47,33.6,0.6154936815558594,,m58,m28
40800,57800,-573.78,31.5,0.6315267944329642,,m58,m28
40800,57800,-574.3,33.3,0.6378910835139524,3601004.0,m58,m28
40800,57800,-575.74,30.6,0.6550975973170495,,m58,m28
40800,57800,-576.42,31.7,0.6631134573614615,,m58,m28
40800,57800,-577.61,33.5,0.6771412124391842,,m58,m28
40800,57800,-578.77,32.6,0.6950895131265503,3126487.0,m58,m28
40800,57800,-579.54,32.8,0.7072146354226972,,m58,m28
40800,57800,-580.7,31.9,0.7247291643119779,3579596.0,m58,m28
40800,57800,-582.01,35.4,0.7379609218980123,3674475.0,m58,m28
40800,57800,-582.66,34.8,0.7445262977994799,3467656.0,m58,m28
40800,57800,-583.75,35.5,0.7536093264206736,3476664.0,m58,m28
40800,57800,-583.75,42.1,0.7536093264206736,3476664.0,m58,m28
40800,57800,-585.29,42.1,0.759489859475394,3171028.0,m58,m28
40800,57800,-586.65,43.0,0.7627780378053327,3431008.0,m58,m28
40800,57800,-588.65,42.7,0.758876619334538,3341940.0,m58,m28
40800,57800,-590.07,41.7,0.7662288936460251,,m58,m28
40800,57800,-590.91,43.6,0.7743218961434174,3273985.0,m58,m28
40800,57800,-592.25,42.0,0.7900256039996869,3313755.0,m58,m28
40800,57800,-592.36,45.3,0.7928190693664122,,m58,m28
40800,57800,-593.66,42.0,0.8258327509731601,3277260.0,m58,m28
40800,57800,-594.75,39.8,0.8535134532434351,,m58,m28
40800,57800,-596.14,39.9,0.8786771367989381,3346532.0,m58,m28
40800,57800,-596.95,38.7,0.8923526164055509,,m58,m28
40800,57800,-599.22,38.6,0.9039750124804823,3357221.0,m58,m28
40800,57800,-600.04,36.1,0.9021150109684671,,m58,m28
40800,57800,-604.77,45.5,0.8350557453301923,3091442.0,m58,m28
40800,57800,-606.12,43.0,0.8114579759182925,3252292.0,m58,m28
40800,57800,-607.77,44.1,0.7828079689629099,,m58,m28
40800,57800,-608.82,54.3,0.7646072444193308,2845820.0,m58,m28
40800,57800,-610.02,45.4,0.7467209747079515,,m58,m28
40800,57800,-611.16,21.6,0.7317870267974979,4575210.0,m58,m28
40800,57800,-612.83,38.9,0.7172146658325503,,m58,m28
40800,57800,-613.97,43.5,0.715671124399545,3056416.0,m58,m28
40800,57800,-615.43,40.8,0.7174493113862344,,m58,m28
40800,57800,-617.24,52.5,0.7346760832615792,,m58,m28
40800,57800,-618.6,39.0,0.7557558205523552,3156649.9999999995,m58,m28
40800,57800,-620.18,23.2,0.7909130136801797,3562976.0,m58,m28
40800,57800,-626.18,36.9,0.8503017110236262,3843070.0,m58,m28
40800,57800,-627.49,44.6,0.8391593259024537,,m58,m28
40800,57800,-628.8,39.9,0.8213941986606341,,m58,m28
40800,57800,-629.22,44.1,0.8156985090105838,,m58,m28
40800,57800,-630.53,41.1,0.8027253202527357,,m58,m28
40800,57800,-631.64,40.7,0.7926762616596262,,m58,m28
40800,57800,-632.15,43.6,0.7880591266303599,,m58,m28
40800,57800,-633.45,42.6,0.7905846865298206,,m58,m28
40800,57800,-634.74,61.6,0.7955711741813676,,m58,m28
40800,57800,-635.3,59.4,0.7972044543276913,3358200.0,m58,m28
40800,57800,-636.83,15.0,0.7929599966549526,,m58,m28
40800,57800,-638.85,39.7,0.7762713544823501,3553042.0,m58,m28
40800,57800,-640.0,40.2,0.7561644547478681,,m58,m28
40800,57800,-641.39,43.2,0.7262656970319419,,m58,m28
40800,57800,-642.87,41.0,0.6805326466223919,3478516.0,m58,m28
40800,57800,-644.71,39.8,0.6318538701773945,3487720.0,m58,m28
40800,57800,-647.04,44.7,0.5898120653289677,3115764.0,m58,m28
40800,57800,-647.47,45.2,0.5913080907126737,2827836.0,m58,m28
40800,57800,-648.78,43.7,0.595865749439777,3242241.0,m58,m28
40800,57800,-650.88,41.4,0.6129368386779499,3453225.0,m58,m28
40800,57800,-651.75,16.8,0.6226130798415662,3612510.0,m58,m28
40800,57800,-653.14,19.8,0.6444797389363444,3762930.0,m58,m28
40800,57800,-653.95,19.7,0.6613380042516208,,m58,m28
40800,57800,-655.56,18.7,0.6885793552225755,,m58,m28
40800,57800,-657.0,16.0,0.6744564108619642,3705926.0,m58,m28
40800,57800,-658.14,18.3,0.6632757465764807,,m58,m28
40800,57800,-658.95,15.6,0.6484915802198314,,m58,m28
40800,57800,-660.06,39.5,0.627033545258867,,m58,m28
40800,57800,-661.2,30.6,0.605937399554541,,m58,m28
40800,57800,-662.47,41.7,0.5944290074466131,3315158.0,m58,m28
40800,57800,-664.01,38.8,0.5807025623891502,3306030.0,m6,m28
40800,57800,-665.86,47.6,0.5807025623891502,,m6,m28
40800,57800,-667.15,49.6,0.5807025623891502,3023820.0,m6,m28
40800,57800,-668.45,56.4,0.5807025623891502,,m6,m28
40800,57800,-668.64,54.6,0.5807025623891502,,m6,m28
40100,46300,0.0,43.3,0.6714784480467438,,m1,m29
40100,46300,-7.22,50.8,0.4884427105137419,,m1,m29
40100,46300,-10.32,52.0,0.621282909243906,2969460.0,m1,m29
40100,46300,-11.73,53.5,0.7350105966920958,3001152.0,m1,m29
40100,46300,-13.41,30.9,0.8367216613821836,,m1,m29
40100,46300,-16.65,40.0,0.7685982762612822,3834880.0,m1,m29
40100,46300,-40.52,37.9,0.8851590970190079,,m1,m29
40100,46300,-43.73,31.5,0.8520701032462876,,m1,m29
40100,46300,-49.78,46.1,0.49163023687316487,3348060.0,m1,m29
40100,46300,-53.2,41.2,0.39588569542790314,3099476.0,m1,m29
40100,46300,-67.41,37.0,0.8577801926214523,,m1,m29
40100,46300,-76.74,41.0,0.6677731340064885,3269064.0,m1,m29
40100,46300,-115.71,37.3,0.8070445957459282,3100622.0,m1,m29
40100,46300,-145.97,37.1,0.810187931570847,,m1,m29
40100,46300,-149.66,42.9,0.7962796897353708,3013896.0,m1,m29
40100,46300,-155.56,41.6,0.7584797148067083,,m1,m29
40100,46300,-160.34,78.3,0.8269802163413,2984204.0,m41,m29
40100,46300,-192.26,53.9,0.6986631737687902,2738408.0,m41,m29
40100,46300,-193.57,40.9,0.7308695838029526,3528512.0,m41,m29
40100,46300,-194.93,48.1,0.7542369350643034,3120900.0,m41,m29
40100,46300,-222.36,46.1,0.7685030346965522,3349920.0,m41,m29
40100,46300,-222.8,42.7,0.7848013934000924,3112105.0,m41,m29
40100,46300,-225.6,54.4,0.8586943851375967,3521700.0,m41,m29
40100,46300,-231.63,44.9,0.8340298829105003,3094120.0,m41,m29
40100,46300,-234.56,45.2,0.8690524684527701,3370200.0,m41,m29
40100,46300,-235.31,43.4,0.8821034965558495,3458992.0,m41,m29
40100,46300,-262.01,36.7,0.827268087343587,3324772.0,m41,m29
40100,46300,-264.96,28.5,0.8707736679576171,,m41,m29
40100,46300,-267.97,35.0,0.8750815824456752,3316144.0,m41,m29
40100,46300,-271.31,46.2,0.8403424655000934,3488940.0,m41,m29
40100,46300,-274.14,44.5,0.833478846569628,,m41,m29
40100,46300,-277.19,37.8,0.8485366264691436,3223600.0,m41,m29
40100,46300,-280.46,43.4,0.8137055728763644,,m41,m29
40100,46300,-281.97,45.2,0.7741609012459879,,m41,m29
40100,46300,-283.77,45.6,0.715671585975204,3360032.0,m41,m29
40100,46300,-285.26,42.4,0.666204566326931,3386200.0,m41,m29
40100,46300,-286.39,27.8,0.6396533559152316,3766516.0,m41,m29
40100,46300,-289.61,49.8,0.5952185024852691,3406730.0,m41,m29
40100,46300,-291.11,46.3,0.5926103223270939,3428748.0,m41,m29
40100,46300,-292.49,38.6,0.6075953583212097,,m41,m29
40100,46300,-294.94,41.6,0.6391772186546497,3481310.0,m41,m29
40100,46300,-298.69,42.9,0.6923424376074399,3376494.0,m41,m29
40100,46300,-300.2,41.0,0.7105504554557631,3644368.0,m41,m29
40100,46300,-302.46,42.7,0.734105977947448,3542868.0,m41,m29
40100,46300,-304.86,38.6,0.7577901471351077,3675000.0,m41,m29
40100,46300,-306.38,41.6,0.7723298437940394,3245844.0,m41,m29
40100,46300,-307.96,39.6,0.787247814112745,3313620.0,m41,m29
40100,46300,-309.46,44.6,0.7988484046682697,3094450.0,m41,m29
40100,46300,-311.41,45.3,0.8138889440243893,3343634.9999999995,m41,m29
40100,46300,-312.71,50.6,0.8254842477290346,3317906.9999999995,m41,m29
40100,46300,-314.64,44.7,0.8504449372694249,3454830.0,m41,m29
40100,46300,-315.33,41.4,0.8641339340763343,3433608.0,m41,m29
40100,46300,-317.17,47.1,0.8986514930965033,3379630.0,m41,m29
40100,46300,-318.17,49.6,0.9130167456963179,3035770.0,m41,m29
40100,46300,-320.11,46.9,0.9247142004969939,3290885.0,m41,m29
40100,46300,-321.61,42.6,0.8893765931347185,3320072.0,m41,m29
40100,46300,-323.15,52.6,0.8355809896284679,,m41,m29
40100,46300,-324.66,37.8,0.7551744407127875,,m41,m29
40100,46300,-326.47,52.3,0.6828166276466486,2881900.0,m41,m29
40100,46300,-327.6,56.2,0.6489127394476994,3276754.0,m41,m29
40100,46300,-329.34,48.3,0.626619023705388,3341282.0,m41,m29
40100,46300,-330.84,48.8,0.6253038953191097,3281510.0,m41,m29
40100,46300,-332.3,48.9,0.6402940216778543,3279088.0,m41,m29
40100,46300,-333.8,49.5,0.6609559140083381,3177657.0,m41,m29
40100,46300,-335.61,49.2,0.6842117323225656,3300052.0,m41,m29
40100,46300,-337.02,52.7,0.7004843230395835,3069744.0,m41,m29
40100,46300,-338.4,55.2,0.6891797451105466,,m41,m29
40100,46300,-339.9,52.0,0.6776065719693859,2902746.0,m41,m29
40100,46300,-341.75,53.5,0.6787588128474502,3046222.0,m41,m29
40100,46300,-343.02,44.4,0.6845720212115608,,m41,m29
40100,46300,-343.75,42.4,0.6963223430088151,,m41,m29
40100,46300,-345.04,43.0,0.7170866102943739,3377107.9999999995,m5,m29
40100,46300,-346.72,45.1,0.7483294795031517,3166215.0,m5,m29
40100,46300,-348.22,48.9,0.7779627099544343,3244824.0,m5,m29
40100,46300,-351.26,46.4,0.8394455015692328,3352940.0,m5,m29
40100,46300,-353.74,46.0,0.8853916254433956,3382400.0,m5,m29
40100,46300,-354.7,48.2,0.900317271382833,,m5,m29
40100,46300,-356.19,48.5,0.9194404966355035,,m5,m29
40100,46300,-357.32,54.2,0.9278903434999551,3115210.0,m5,m29
40100,46300,-358.4,50.9,0.9147565738294204,,m5,m29
40100,46300,-360.21,50.6,0.888670886542189,3234132.0,m5,m29
40100,46300,-361.84,44.7,0.8428738254754666,3329162.9999999995,m5,m29
40100,46300,-363.46,49.6,0.8021111014509068,3210620.0,m5,m29
40100,46300,-364.99,42.6,0.7706821735837094,3468254.9999999995,m5,m29
40100,46300,-366.72,45.4,0.7565348341284277,3275302.0,m5,m29
40100,46300,-369.66,48.6,0.768477477473146,,m5,m29
40100,46300,-370.96,52.1,0.7815986596734213,,m5,m29
40100,46300,-371.35,48.7,0.7855350143335046,3009420.0,m5,m29
40100,46300,-372.58,50.4,0.7941490535639535,3255213.0,m5,m29
40100,46300,-374.08,57.1,0.8041976892720895,3111072.0,m5,m29
40100,46300,-375.36,47.7,0.8047180566110933,3245886.0,m5,m29
40100,46300,-376.65,42.1,0.8032060268923521,,m5,m29
40100,46300,-378.4,49.1,0.7932104782382913,3153444.0,m5,m29
40100,46300,-379.77,54.6,0.7824340230338759,3308020.0,m5,m29
40100,46300,-380.96,58.0,0.773196554568122,3209220.0,m5,m29
40100,46300,-382.46,50.1,0.7616096826445903,3265372.0,m5,m29
40100,46300,-383.91,53.2,0.7536274808493097,2987370.0,m5,m29
40100,46300,-385.41,56.9,0.7471555190266268,,m5,m29
40100,46300,-387.21,51.0,0.7398360961921315,3068736.0,m5,m29
40100,46300,-388.71,49.7,0.7338544199050687,3264597.0,m5,m29
40100,46300,-390.28,50.7,0.7290807395409258,3262589.0,m5,m29
40100,46300,-391.78,48.4,0.7254669364900099,3382132.0,m5,m29
40100,46300,-393.26,54.0,0.7285094506616032,3244504.0,m5,m29
40100,46300,-394.76,50.0,0.7336412608028147,3192690.0,m5,m29
40100,46300,-396.61,48.9,0.7506048325340937,,m5,m29
40100,46300,-398.1,48.0,0.7685253656308747,3348180.0,m5,m29
40100,46300,-399.56,50.0,0.7901858374470758,3088070.0,m5,m29
40100,46300,-401.06,51.0,0.8129420856823932,3254656.0,m5,m29
40100,46300,-402.5,52.6,0.8351721914854036,,m5,m29
40100,46300,-404.0,54.7,0.8551149913347823,,m5,m29
40100,46300,-405.44,54.9,0.8721946858184831,,m5,m29
40100,46300,-406.86,56.4,0.8816811439944998,,m5,m29
40100,46300,-408.2,51.6,0.8863988955441994,,m5,m29
40100,46300,-408.77,51.8,0.8884057003078776,,m5,m29
40100,46300,-410.19,47.8,0.8865655971074107,2984552.0,m5,m29
40100,46300,-412.03,46.8,0.886027658275493,,m5,m29
40100,46300,-413.52,48.3,0.8956364488051006,,m5,m29
40100,46300,-415.13,49.2,0.9026535671933034,,m5,m29
40100,46300,-417.86,49.0,0.8996555086387062,,m5,m29
40100,46300,-419.39,48.1,0.8873787356288041,,m5,m29
40100,46300,-420.74,48.9,0.8772250531160896,,m5,m29
40100,46300,-423.93,49.3,0.8672906447300602,3031560.0,m5,m29
40100,46300,-425.43,48.7,0.8794876363643026,,m5,m29
40100,46300,-426.97,55.7,0.8948710365063998,,m5,m29
40100,46300,-429.75,50.2,0.914275862889436,,m5,m29
40100,46300,-431.29,52.4,0.9066472731533611,,m5,m29
40100,46300,-432.95,54.2,0.8949462424613869,,m5,m29
40100,46300,-439.05,56.1,0.881622831397028,,m5,m29
40100,46300,-439.37,53.3,0.8830151429097435,,m5,m29
40100,46300,-440.97,52.4,0.8893132008125805,,m5,m29
40100,46300,-442.21,52.2,0.8929735126755683,,m5,m29
40100,46300,-443.6,53.2,0.8938256339632966,,m5,m29
40100,46300,-445.21,58.0,0.875596481203501,,m5,m29
40100,46300,-445.9,53.9,0.8677839871635884,,m5,m29
40100,46300,-447.4,55.3,0.8483643628551413,,m5,m29
40100,46300,-448.36,52.1,0.8354635657278946,,m5,m29
40100,46300,-449.86,50.1,0.816611154013872,,m5,m29
40100,46300,-451.21,49.0,0.8008671907361199,,m5,m29
40100,46300,-452.71,52.2,0.7857619064760037,,m5,m29
40100,46300,-454.18,48.5,0.7735744768941653,,m5,m29
40100,46300,-455.4,43.7,0.765318285024284,,m5,m29
40100,46300,-457.31,47.1,0.7562855919982393,,m5,m29
40100,46300,-458.81,55.1,0.7511576556729782,,m5,m29
40100,46300,-460.77,47.0,0.7452411084986605,,m5,m29
40100,46300,-462.22,45.9,0.7379699817170976,,m5,m29
40100,46300,-463.18,42.5,0.7331559943306838,,m5,m29
40100,46300,-466.96,50.4,0.7245621674478525,,m5,m29
40100,46300,-468.48,44.7,0.7260282830529854,,m5,m29
40100,46300,-469.71,48.4,0.7264765777832355,,m5,m29
40100,46300,-470.86,41.8,0.72569713617461,,m5,m29
40100,46300,-473.26,42.9,0.7279971685742821,,m5,m29
40100,46300,-474.66,43.7,0.7319437806978073,,m5,m29
40100,46300,-475.67,42.5,0.7345169392509271,,m5,m29
40100,46300,-477.16,44.4,0.7380952628918297,,m5,m29
40100,46300,-479.24,38.6,0.7485336712011182,,m5,m29
40100,46300,-481.86,45.4,0.765709212714856,,m5,m29
40100,46300,-483.37,50.4,0.7758651884311677,,m5,m29
40100,46300,-485.63,53.1,0.7907862290189842,,m5,m29
40100,46300,-487.12,50.6,0.8013490731894579,,m5,m29
40100,46300,-487.67,51.9,0.8056585911665705,,m5,m29
40100,46300,-489.23,46.8,0.8178819512471075,,m5,m29
40100,46300,-491.11,41.7,0.8244024961556914,,m5,m29
40100,46300,-492.62,44.1,0.8304765265992354,,m5,m29
40100,46300,-493.94,46.8,0.8400989956608985,,m5,m29
40100,46300,-496.32,44.6,0.8504384703650089,,m5,m29
40100,46300,-496.9,46.8,0.85119468208891,,m5,m29
40100,46300,-498.43,44.6,0.854923001790798,,m5,m29
40100,46300,-500.11,49.5,0.8643109279696183,,m54,m29
40100,46300,-501.61,53.6,0.8684148384923674,,m54,m29
40100,46300,-502.94,54.6,0.8678118528051102,,m54,m29
40100,46300,-504.05,50.0,0.8642131607327935,,m54,m29
40100,46300,-505.4,55.8,0.8482183390538252,,m54,m29
40100,46300,-506.11,47.7,0.8398062476522931,,m54,m29
40100,46300,-507.6,60.7,0.8257029387206737,,m54,m29
40100,46300,-508.36,50.2,0.8195531252677322,,m54,m29
40100,46300,-509.16,49.1,0.8130796374225304,,m54,m29
40100,46300,-510.66,49.3,0.8168538060575825,,m54,m29
40100,46300,-512.11,45.0,0.8255621778680915,,m54,m29
40100,46300,-513.66,46.2,0.8468218569846713,,m54,m29
40100,46300,-515.16,48.9,0.8701460082380483,,m54,m29
40100,46300,-517.35,49.5,0.881425841254058,,m54,m29
40100,46300,-518.54,53.4,0.8848845433989265,,m54,m29
40100,46300,-520.04,48.4,0.8840540758857939,,m54,m29
40100,46300,-521.49,54.8,0.885348091157184,,m54,m29
40100,46300,-522.91,50.3,0.8911379343195113,,m54,m29
40100,46300,-524.02,50.2,0.8956705940978753,,m54,m29
40100,46300,-524.26,47.9,0.896664504731174,,m54,m29
40100,46300,-527.94,51.4,0.9097398939841944,,m54,m29
40100,46300,-528.04,45.9,0.9099657691382514,,m54,m29
40100,46300,-530.49,51.8,0.9108959069821551,,m54,m29
40100,46300,-532.02,47.4,0.9057965507882209,,m54,m29
40100,46300,-533.74,49.3,0.8921239481323361,,m54,m29
40100,46300,-535.26,52.7,0.8769741500595561,,m54,m29
40100,46300,-537.07,46.9,0.8549641629752577,,m54,m29
40100,46300,-538.27,51.3,0.8401173439969435,,m54,m29
40100,46300,-539.76,51.8,0.8318294627045708,,m54,m29
40100,46300,-540.36,48.7,0.8285649341805317,,m54,m29
40100,46300,-541.82,49.1,0.8248774210248111,,m54,m29
40100,46300,-542.71,49.0,0.8258860233887558,,m54,m29
40100,46300,-544.22,46.0,0.8284597393314571,,m54,m29
40100,46300,-545.82,48.4,0.8383463302416843,,m54,m29
40100,46300,-547.33,51.2,0.8479961412303678,,m54,m29
40100,46300,-548.87,47.2,0.8587279195977311,,m54,m29
40100,46300,-550.87,49.6,0.8697193248645354,,m54,m29
40100,46300,-551.99,48.9,0.8744347605404843,,m54,m29
40100,46300,-555.51,49.4,0.8705071051947336,,m54,m29
40100,46300,-556.21,48.1,0.8655392217572783,,m54,m29
40100,46300,-557.01,49.4,0.8596041369899298,,m54,m29
40100,46300,-558.22,63.5,0.8506273212793143,,m54,m29
40100,46300,-559.46,62.3,0.8493634921228113,,m54,m29
40100,46300,-560.9,49.9,0.8497905826440676,,m54,m29
40100,46300,-562.53,49.9,0.8615701350849736,,m54,m29
40100,46300,-563.26,52.6,0.8685344698082753,,m54,m29
40100,46300,-564.19,50.8,0.8774434405079409,,m54,m29
40100,46300,-565.35,46.7,0.896136454466414,,m54,m29
40100,46300,-566.35,46.8,0.9122511216719948,,m54,m29
40100,46300,-567.15,56.1,0.9250266550029672,,m54,m29
40100,46300,-568.65,52.2,0.9472421185978496,,m54,m29
40100,46300,-570.19,51.8,0.9644275991661226,,m54,m29
40100,46300,-571.39,55.4,0.9554908615285468,,m54,m29
40100,46300,-572.59,58.4,0.9465541238909702,,m54,m29
40100,46300,-573.76,54.1,0.9395652358685612,,m54,m29
40100,46300,-575.26,50.3,0.9311282508627827,,m54,m29
40100,46300,-576.16,48.0,0.9230157813977423,,m54,m29
40100,46300,-578.38,51.4,0.8961104445577973,,m54,m29
40100,46300,-579.21,56.1,0.8766361329556175,,m54,m29
40100,46300,-580.75,55.8,0.8354284189223745,,m54,m29
40100,46300,-582.26,55.0,0.786739402303419,,m54,m29
40100,46300,-583.76,49.4,0.7313867312280825,,m54,m29
40100,46300,-585.36,52.8,0.677121213826881,,m54,m29
40100,46300,-585.36,47.9,0.677121213826881,,m54,m29
40100,46300,-588.46,56.4,0.6048361602746303,,m54,m29
40100,46300,-589.96,56.6,0.5894570716974102,,m54,m29
40100,46300,-591.68,53.0,0.6541746793080782,,m54,m29
40100,46300,-592.85,49.4,0.7021277648089064,,m54,m29
40100,46300,-594.61,53.0,0.7954839899950622,,m54,m29
40100,46300,-596.14,55.8,0.8612065692747919,,m54,m29
40100,46300,-597.89,62.7,0.8632160195882211,,m54,m29
40100,46300,-599.46,53.2,0.8383109351789098,,m54,m29
40100,46300,-601.03,56.0,0.7847807574083262,,m54,m29
40100,46300,-602.57,52.1,0.7206495047053706,,m54,m29
40100,46300,-603.76,43.4,0.6661220614498409,,m54,m29
40100,46300,-605.29,40.4,0.604015948527166,,m54,m29
40100,46300,-606.81,43.6,0.5489342199700379,,m54,m29
40100,46300,-608.17,53.6,0.5120900646586922,,m54,m29
40100,46300,-610.41,42.1,0.4680149303759256,,m54,m29
40100,46300,-613.41,40.0,0.4558372895147248,,m54,m29
40100,46300,-614.52,43.4,0.4350497170567498,,m54,m29
40100,46300,-616.18,38.6,0.4102265099429396,,m54,m29
40100,46300,-617.93,41.6,0.4275311695982426,,m54,m29
40100,46300,-619.46,40.6,0.4402280559281584,,m54,m29
40100,46300,-620.97,53.1,0.44925879297093657,,m54,m29
40100,46300,-621.98,48.8,0.45569554168715903,,m54,m29
40100,46300,-623.48,54.3,0.46690174043948557,,m54,m29
40100,46300,-625.13,44.2,0.4984259862705526,,m54,m29
40100,46300,-628.23,40.5,0.6000447013845757,,m54,m29
40100,46300,-629.74,49.1,0.6020163407385458,,m54,m29
40100,46300,-631.86,45.7,0.5788699450015845,,m54,m29
40100,46300,-633.38,38.4,0.5557619038625631,,m54,m29
40100,46300,-634.33,43.5,0.5460004457819191,,m54,m29
40100,46300,-636.23,29.1,0.5341721119967348,4381686.0,m54,m29
40100,46300,-637.3,40.5,0.5848249487670861,,m54,m29
40100,46300,-638.66,44.8,0.6492061244752009,,m54,m29
40100,46300,-640.61,41.9,0.6933777757131269,,m54,m29
40100,46300,-642.12,56.9,0.7017176629186741,,m54,m29
40100,46300,-643.36,56.3,0.6380814539714512,,m54,m29
40100,46300,-650.04,16.2,0.45031649049832373,2898028.0,m54,m29
40100,46300,-650.45,44.0,0.4428136283766422,2973438.0,m54,m29
40100,46300,-651.41,54.4,0.470334621605799,,m54,m29
40100,46300,-651.53,57.5,0.4739493659349323,,m54,m29
40100,46300,-652.56,54.4,0.5049759214266584,2777290.0,m54,m29
40100,46300,-654.09,56.1,0.5596418920573761,,m54,m29
40100,46300,-656.02,58.6,0.6403136388817773,2811874.0,m54,m29
40100,46300,-657.56,55.8,0.6144598872737764,,m54,m29
40100,46300,-658.66,55.1,0.5857155696460742,2812372.0,m54,m29
40100,46300,-660.16,55.0,0.5232703484036596,2810100.0,m54,m29
40100,46300,-661.96,57.1,0.4364445115483864,,m54,m29
40100,46300,-663.52,48.2,0.35560816320432287,,m54,m29
40100,46300,-664.73,38.4,0.29283824844228906,,m54,m29
40100,46300,-665.99,37.7,0.2866720412396393,,m54,m29
40100,46300,-666.88,31.4,0.2871787390873008,4610529.0,m58,m29
40100,46300,-667.78,25.6,0.2891776994795277,4649976.0,m58,m29
40100,46300,-669.13,34.0,0.3374266433578219,,m58,m29
40100,46300,-670.78,25.2,0.39444612280468183,4559577.0,m58,m29
40100,46300,-672.12,24.4,0.4265647250170738,,m58,m29
40100,46300,-672.78,43.5,0.4423843350619822,,m58,m29
40100,46300,-673.92,49.3,0.46267709208182395,,m58,m29
40100,46300,-677.1,55.8,0.48983265181455365,2901182.0,m58,m29
40100,46300,-678.72,56.0,0.50880778926147,,m58,m29
40100,46300,-680.55,57.1,0.5598330185240892,,m58,m29
40100,46300,-681.26,56.8,0.5842316702770535,,m58,m29
40100,46300,-682.96,59.5,0.6090029796887214,2406690.0,m58,m29
40100,46300,-684.47,51.5,0.6003970398560214,,m58,m29
40100,46300,-685.78,47.4,0.6011879156590436,,m58,m29
40100,46300,-686.28,43.6,0.6036083226806922,3855168.0,m58,m29
40100,46300,-687.9,53.2,0.6117434379077978,,m58,m29
40100,46300,-689.22,53.3,0.6325089358166337,,m58,m29
40100,46300,-690.73,51.7,0.6562634069093161,2619232.0,m58,m29
40100,46300,-692.31,45.7,0.5764796250890363,,m58,m29
40100,46300,-693.8,49.9,0.5048288146309311,2688700.0,m58,m29
40100,46300,-695.08,50.3,0.47464622161753883,,m58,m29
40100,46300,-695.41,44.2,0.4668647718562759,,m58,m29
40100,46300,-696.93,37.8,0.43788486347352124,,m58,m29
40100,46300,-698.34,36.8,0.4272711668095984,,m58,m29
40100,46300,-699.84,33.4,0.41754814812488095,,m58,m29
40100,46300,-701.41,39.0,0.41107082332660155,,m58,m29
40100,46300,-702.9,37.6,0.42212112238500404,,m58,m29
40100,46300,-704.56,32.2,0.45956717521359164,4410432.0,m58,m29
40100,46300,-706.06,35.2,0.478827711949582,,m58,m29
40100,46300,-707.25,43.1,0.486980440335745,,m58,m29
40100,46300,-710.97,51.4,0.4899032970021958,,m58,m29
40100,46300,-712.18,54.1,0.49788836153914223,,m58,m29
40100,46300,-713.3,53.2,0.5052794956559856,2887872.0,m58,m29
40100,46300,-714.01,62.6,0.5076672034070048,2789496.0,m58,m29
40100,46300,-714.89,61.9,0.5053402207304415,3046980.0,m58,m29
40100,46300,-716.61,52.1,0.5007920273171587,,m58,m29
40100,46300,-719.66,53.0,0.48401769297875163,,m58,m29
40100,46300,-721.14,55.2,0.5010869680327722,,m58,m29
40100,46300,-725.8,30.2,0.5687365951315998,,m58,m29
40100,46300,-727.31,34.6,0.5754527287419886,,m58,m29
40100,46300,-728.98,45.1,0.5867148159727834,,m58,m29
40100,46300,-730.22,42.7,0.5979161091872222,,m58,m29
40100,46300,-732.35,45.8,0.6044341597464483,,m58,m29
40100,46300,-733.39,38.7,0.6038777953901513,,m58,m29
40100,46300,-734.77,41.9,0.5777659792570892,,m58,m29
40100,46300,-734.91,40.0,0.5736230145333977,,m58,m29
40100,46300,-736.41,40.1,0.5292341067795562,,m58,m29
40100,46300,-737.66,40.5,0.5126373250173148,,m58,m29
40100,46300,-737.96,43.8,0.5106592337962503,,m58,m29
40100,46300,-739.29,43.6,0.5018896960495335,,m58,m29
40100,46300,-741.0,44.1,0.5155637182713977,,m58,m29
40100,46300,-742.51,43.2,0.5335081578403825,,m58,m29
40100,46300,-743.83,39.5,0.5636388827961551,,m58,m29
40100,46300,-747.18,43.7,0.6314174312702157,,m58,m29
40100,46300,-747.21,43.8,0.6319519283850346,,m58,m29
40100,46300,-748.8,41.5,0.6515491929964657,,m58,m29
40100,46300,-753.1,46.2,0.6540278539989143,2881350.0,m58,m29
40100,46300,-754.62,44.5,0.6540278539989143,2964948.0,m58,m29
40100,46300,-756.0,44.2,0.6540278539989143,,m58,m29
